user_expression,standard_expression,topic,handling,notes
희선탱크,희석탱크,제조·사용시설,auto_correct,오타 교정
희석 탱크,희석탱크,제조·사용시설,auto_correct,띄어쓰기 통일
제조사용시설,제조·사용시설,제조·사용시설,auto_correct,법령 용어 통일
제조사용,제조·사용,제조·사용시설,auto_correct,법령 용어 통일
화관서,화학사고예방관리계획서,화학사고예방관리계획서,auto_correct,현장 약어
장평,장외영향평가서,화학사고예방관리계획서,auto_correct,과거 제도 약어
위관서,위해관리계획서,화학사고예방관리계획서,auto_correct,과거 제도 약어
설검,설치검사,검사·안전진단,auto_correct,현장 약어
안진,안전진단,검사·안전진단,auto_correct,현장 약어
변신,변경신고,영업허가·변경,auto_correct,현장 약어
변허,변경허가,영업허가·변경,auto_correct,현장 약어
탱크로리,차량 운송시설,차량 운송시설,auto_correct,시설 유형 명확화
드럼차량,차량 운반시설,차량 운반시설,auto_correct,시설 유형 명확화
제조시설,제조·사용시설,제조·사용시설,auto_expand,
사용시설,제조·사용시설,제조·사용시설,auto_expand,
제조사용시설,제조·사용시설,제조·사용시설,auto_expand,
제조·사용시설,제조·사용시설,제조·사용시설,auto_expand,
공정시설,제조·사용시설,제조·사용시설,auto_expand,
공정설비,제조·사용시설,제조·사용시설,auto_expand,
생산설비,제조·사용시설,제조·사용시설,auto_expand,
반응기,제조·사용시설,제조·사용시설,auto_expand,
반응조,제조·사용시설,제조·사용시설,auto_expand,
혼합조,제조·사용시설,제조·사용시설,auto_expand,
혼합탱크,제조·사용시설,제조·사용시설,auto_expand,
배합조,제조·사용시설,제조·사용시설,auto_expand,
배합탱크,제조·사용시설,제조·사용시설,auto_expand,
희석조,제조·사용시설,제조·사용시설,auto_expand,
희석탱크,제조·사용시설,제조·사용시설,auto_expand,
용해조,제조·사용시설,제조·사용시설,auto_expand,
도금조,제조·사용시설,제조·사용시설,auto_expand,
세척조,제조·사용시설,제조·사용시설,auto_expand,
중화조,제조·사용시설,제조·사용시설,auto_expand,
계량조,제조·사용시설,제조·사용시설,auto_expand,
교반조,제조·사용시설,제조·사용시설,auto_expand,
투입조,제조·사용시설,제조·사용시설,auto_expand,
공급탱크,제조·사용시설,제조·사용시설,auto_expand,
공정탱크,제조·사용시설,제조·사용시설,auto_expand,
주입설비,제조·사용시설,제조·사용시설,auto_expand,
충전설비,제조·사용시설,제조·사용시설,auto_expand,
이송설비,제조·사용시설,제조·사용시설,auto_expand,
저장시설,저장시설,저장시설,auto_expand,
저장설비,저장시설,저장시설,auto_expand,
저장탱크,저장시설,저장시설,auto_expand,
저장조,저장시설,저장시설,auto_expand,
원료탱크,저장시설,저장시설,auto_expand,
폐액탱크,저장시설,저장시설,auto_expand,
고정탱크,저장시설,저장시설,auto_expand,
실내 저장시설,저장시설,저장시설,auto_expand,
실외 저장시설,저장시설,저장시설,auto_expand,
옥외 저장시설,저장시설,저장시설,auto_expand,
지하 저장시설,저장시설,저장시설,auto_expand,
지하탱크,저장시설,저장시설,auto_expand,
탱크 저장,저장시설,저장시설,auto_expand,
대용량 탱크,저장시설,저장시설,auto_expand,
보관시설,보관시설,보관시설,auto_expand,
보관창고,보관시설,보관시설,auto_expand,
약품창고,보관시설,보관시설,auto_expand,
유해화학물질 창고,보관시설,보관시설,auto_expand,
용기 보관,보관시설,보관시설,auto_expand,
드럼 보관,보관시설,보관시설,auto_expand,
말통 보관,보관시설,보관시설,auto_expand,
IBC 보관,보관시설,보관시설,auto_expand,
실내 보관,보관시설,보관시설,auto_expand,
실외 보관,보관시설,보관시설,auto_expand,
옥외 보관,보관시설,보관시설,auto_expand,
보관장소,보관시설,보관시설,auto_expand,
보관구역,보관시설,보관시설,auto_expand,
드럼,보관시설,보관시설,auto_expand,
IBC,보관시설,보관시설,auto_expand,
말통,보관시설,보관시설,auto_expand,
포장용기,보관시설,보관시설,auto_expand,
이동용기,보관시설,보관시설,auto_expand,
소분용기,보관시설,보관시설,auto_expand,
폐용기,보관시설,보관시설,auto_expand,
소량취급시설,소량취급시설,소량취급시설,auto_expand,
소량 시설,소량취급시설,소량취급시설,auto_expand,
소량취급,소량취급시설,소량취급시설,auto_expand,
소량기준,소량취급시설,소량취급시설,auto_expand,
소량 기준수량,소량취급시설,소량취급시설,auto_expand,
기준수량 미만,소량취급시설,소량취급시설,auto_expand,
소규모 시설,소량취급시설,소량취급시설,auto_expand,
소량 보관,소량취급시설,소량취급시설,auto_expand,
소량 사용,소량취급시설,소량취급시설,auto_expand,
소량 저장,소량취급시설,소량취급시설,auto_expand,
소량시설 검사,소량취급시설,소량취급시설,auto_expand,
소량취급시설 설치검사,소량취급시설,소량취급시설,auto_expand,
설치검사,검사·안전진단,검사·안전진단,auto_expand,
정기검사,검사·안전진단,검사·안전진단,auto_expand,
수시검사,검사·안전진단,검사·안전진단,auto_expand,
안전진단,검사·안전진단,검사·안전진단,auto_expand,
재검사,검사·안전진단,검사·안전진단,auto_expand,
검사 대상,검사·안전진단,검사·안전진단,auto_expand,
검사 주기,검사·안전진단,검사·안전진단,auto_expand,
검사 면제,검사·안전진단,검사·안전진단,auto_expand,
검사 신청,검사·안전진단,검사·안전진단,auto_expand,
검사기관,검사·안전진단,검사·안전진단,auto_expand,
검사 비용,검사·안전진단,검사·안전진단,auto_expand,
검사 수수료,검사·안전진단,검사·안전진단,auto_expand,
검사 결과,검사·안전진단,검사·안전진단,auto_expand,
검사 성적서,검사·안전진단,검사·안전진단,auto_expand,
검사 부적합,검사·안전진단,검사·안전진단,auto_expand,
보완검사,검사·안전진단,검사·안전진단,auto_expand,
설검,검사·안전진단,검사·안전진단,auto_expand,
안진,검사·안전진단,검사·안전진단,auto_expand,
배관,배관·밸브·플랜지,배관·밸브·플랜지,auto_expand,
이송배관,배관·밸브·플랜지,배관·밸브·플랜지,auto_expand,
약품배관,배관·밸브·플랜지,배관·밸브·플랜지,auto_expand,
플랜지,배관·밸브·플랜지,배관·밸브·플랜지,auto_expand,
밸브,배관·밸브·플랜지,배관·밸브·플랜지,auto_expand,
펌프,배관·밸브·플랜지,배관·밸브·플랜지,auto_expand,
호스,배관·밸브·플랜지,배관·밸브·플랜지,auto_expand,
조인트,배관·밸브·플랜지,배관·밸브·플랜지,auto_expand,
연결부,배관·밸브·플랜지,배관·밸브·플랜지,auto_expand,
체결부,배관·밸브·플랜지,배관·밸브·플랜지,auto_expand,
패킹,배관·밸브·플랜지,배관·밸브·플랜지,auto_expand,
가스켓,배관·밸브·플랜지,배관·밸브·플랜지,auto_expand,
배관 지지대,배관·밸브·플랜지,배관·밸브·플랜지,auto_expand,
기밀성,배관·밸브·플랜지,배관·밸브·플랜지,auto_expand,
부식,배관·밸브·플랜지,배관·밸브·플랜지,auto_expand,
노후화,배관·밸브·플랜지,배관·밸브·플랜지,auto_expand,
균열,배관·밸브·플랜지,배관·밸브·플랜지,auto_expand,
파손,배관·밸브·플랜지,배관·밸브·플랜지,auto_expand,
진동,배관·밸브·플랜지,배관·밸브·플랜지,auto_expand,
처짐,배관·밸브·플랜지,배관·밸브·플랜지,auto_expand,
패킹 손상,배관·밸브·플랜지,배관·밸브·플랜지,auto_expand,
누출,누출·유출 방지,누출·유출 방지,auto_expand,
유출,누출·유출 방지,누출·유출 방지,auto_expand,
샘,누출·유출 방지,누출·유출 방지,auto_expand,
새는 곳,누출·유출 방지,누출·유출 방지,auto_expand,
약품이 샘,누출·유출 방지,누출·유출 방지,auto_expand,
탱크 누출,누출·유출 방지,누출·유출 방지,auto_expand,
배관 누출,누출·유출 방지,누출·유출 방지,auto_expand,
용기 누출,누출·유출 방지,누출·유출 방지,auto_expand,
폐액 누출,누출·유출 방지,누출·유출 방지,auto_expand,
바닥으로 흐름,누출·유출 방지,누출·유출 방지,auto_expand,
방유제,누출·유출 방지,누출·유출 방지,auto_expand,
방류벽,누출·유출 방지,누출·유출 방지,auto_expand,
집수조,누출·유출 방지,누출·유출 방지,auto_expand,
집수설비,누출·유출 방지,누출·유출 방지,auto_expand,
트렌치,누출·유출 방지,누출·유출 방지,auto_expand,
배수로,누출·유출 방지,누출·유출 방지,auto_expand,
누출받이,누출·유출 방지,누출·유출 방지,auto_expand,
방지턱,누출·유출 방지,누출·유출 방지,auto_expand,
이중벽,누출·유출 방지,누출·유출 방지,auto_expand,
누출감지기,누출·유출 방지,누출·유출 방지,auto_expand,
누액감지기,누출·유출 방지,누출·유출 방지,auto_expand,
경보설비,누출·유출 방지,누출·유출 방지,auto_expand,
방제장비,누출·유출 방지,누출·유출 방지,auto_expand,
운반차량,차량 운반시설,차량 운반시설,auto_expand,
화물차,차량 운반시설,차량 운반시설,auto_expand,
용기 운반,차량 운반시설,차량 운반시설,auto_expand,
드럼 운반,차량 운반시설,차량 운반시설,auto_expand,
IBC 운반,차량 운반시설,차량 운반시설,auto_expand,
말통 운반,차량 운반시설,차량 운반시설,auto_expand,
용기 적재차량,차량 운반시설,차량 운반시설,auto_expand,
유해화학물질 운반,차량 운반시설,차량 운반시설,auto_expand,
약품 운반차량,차량 운반시설,차량 운반시설,auto_expand,
드럼차량,차량 운반시설,차량 운반시설,auto_expand,
탱크로리,차량 운송시설,차량 운송시설,auto_expand,
탱크트럭,차량 운송시설,차량 운송시설,auto_expand,
이동탱크,차량 운송시설,차량 운송시설,auto_expand,
운송차량,차량 운송시설,차량 운송시설,auto_expand,
액체 운송차량,차량 운송시설,차량 운송시설,auto_expand,
약품 탱크차량,차량 운송시설,차량 운송시설,auto_expand,
벌크 운송,차량 운송시설,차량 운송시설,auto_expand,
탱크차,차량 운송시설,차량 운송시설,auto_expand,
차량탱크,차량 운송시설,차량 운송시설,auto_expand,
운반용기,운반용기,운반용기,auto_expand,
용기검사,운반용기,운반용기,auto_expand,
용기 사용기한,운반용기,운반용기,auto_expand,
용기 연장검사,운반용기,운반용기,auto_expand,
재사용 용기,운반용기,운반용기,auto_expand,
이동용기,운반용기,운반용기,auto_expand,
포장용기,운반용기,운반용기,auto_expand,
내용연수,운반용기,운반용기,auto_expand,
용기 재질,운반용기,운반용기,auto_expand,
사외배관,사외배관 이송시설,사외배관 이송시설,auto_expand,
사업장 밖 배관,사외배관 이송시설,사외배관 이송시설,auto_expand,
사업장 외부 배관,사외배관 이송시설,사외배관 이송시설,auto_expand,
외부 이송배관,사외배관 이송시설,사외배관 이송시설,auto_expand,
장거리 배관,사외배관 이송시설,사외배관 이송시설,auto_expand,
공장 간 배관,사외배관 이송시설,사외배관 이송시설,auto_expand,
사업장 간 이송,사외배관 이송시설,사외배관 이송시설,auto_expand,
파이프라인,사외배관 이송시설,사외배관 이송시설,auto_expand,
지중배관,사외배관 이송시설,사외배관 이송시설,auto_expand,
매설배관,사외배관 이송시설,사외배관 이송시설,auto_expand,
영업허가,영업허가·변경,영업허가·변경,auto_expand,
영업신고,영업허가·변경,영업허가·변경,auto_expand,
화관법 허가,영업허가·변경,영업허가·변경,auto_expand,
신규허가,영업허가·변경,영업허가·변경,auto_expand,
변경허가,영업허가·변경,영업허가·변경,auto_expand,
변경신고,영업허가·변경,영업허가·변경,auto_expand,
허가증 변경,영업허가·변경,영업허가·변경,auto_expand,
사업장 변경,영업허가·변경,영업허가·변경,auto_expand,
허가 대상,영업허가·변경,영업허가·변경,auto_expand,
허가 면제,영업허가·변경,영업허가·변경,auto_expand,
신고 대상,영업허가·변경,영업허가·변경,auto_expand,
원료 변경,영업허가·변경,영업허가·변경,auto_expand,
물질 변경,영업허가·변경,영업허가·변경,auto_expand,
제품 변경,영업허가·변경,영업허가·변경,auto_expand,
함량 변경,영업허가·변경,영업허가·변경,auto_expand,
사용량 변경,영업허가·변경,영업허가·변경,auto_expand,
저장량 변경,영업허가·변경,영업허가·변경,auto_expand,
용량 변경,영업허가·변경,영업허가·변경,auto_expand,
시설 추가,영업허가·변경,영업허가·변경,auto_expand,
시설 철거,영업허가·변경,영업허가·변경,auto_expand,
공정 변경,영업허가·변경,영업허가·변경,auto_expand,
대표자 변경,영업허가·변경,영업허가·변경,auto_expand,
상호 변경,영업허가·변경,영업허가·변경,auto_expand,
소재지 변경,영업허가·변경,영업허가·변경,auto_expand,
업종 변경,영업허가·변경,영업허가·변경,auto_expand,
변허,영업허가·변경,영업허가·변경,auto_expand,
변신,영업허가·변경,영업허가·변경,auto_expand,
화학사고예방관리계획서,화학사고예방관리계획서,화학사고예방관리계획서,auto_expand,
화관서,화학사고예방관리계획서,화학사고예방관리계획서,auto_expand,
예방관리계획서,화학사고예방관리계획서,화학사고예방관리계획서,auto_expand,
사고예방계획서,화학사고예방관리계획서,화학사고예방관리계획서,auto_expand,
1군 사업장,화학사고예방관리계획서,화학사고예방관리계획서,auto_expand,
2군 사업장,화학사고예방관리계획서,화학사고예방관리계획서,auto_expand,
장외영향평가서,화학사고예방관리계획서,화학사고예방관리계획서,auto_expand,
장평,화학사고예방관리계획서,화학사고예방관리계획서,auto_expand,
위해관리계획서,화학사고예방관리계획서,화학사고예방관리계획서,auto_expand,
위관서,화학사고예방관리계획서,화학사고예방관리계획서,auto_expand,
주민고지,화학사고예방관리계획서,화학사고예방관리계획서,auto_expand,
사고시나리오,화학사고예방관리계획서,화학사고예방관리계획서,auto_expand,
대안시나리오,화학사고예방관리계획서,화학사고예방관리계획서,auto_expand,
총괄영향범위,화학사고예방관리계획서,화학사고예방관리계획서,auto_expand,
비상대응,화학사고예방관리계획서,화학사고예방관리계획서,auto_expand,
비상연락망,화학사고예방관리계획서,화학사고예방관리계획서,auto_expand,
대피,화학사고예방관리계획서,화학사고예방관리계획서,auto_expand,
경보,화학사고예방관리계획서,화학사고예방관리계획서,auto_expand,
이행점검,화학사고예방관리계획서,화학사고예방관리계획서,auto_expand,
취급기준,유해화학물질 취급기준,유해화학물질 취급기준,auto_expand,
관리기준,유해화학물질 취급기준,유해화학물질 취급기준,auto_expand,
취급방법,유해화학물질 취급기준,유해화학물질 취급기준,auto_expand,
약품 취급방법,유해화학물질 취급기준,유해화학물질 취급기준,auto_expand,
물질별 기준,유해화학물질 취급기준,유해화학물질 취급기준,auto_expand,
작업기준,유해화학물질 취급기준,유해화학물질 취급기준,auto_expand,
안전수칙,유해화학물질 취급기준,유해화학물질 취급기준,auto_expand,
취급 시 주의사항,유해화학물질 취급기준,유해화학물질 취급기준,auto_expand,
금지행위,유해화학물질 취급기준,유해화학물질 취급기준,auto_expand,
혼합금지,유해화학물질 취급기준,유해화학물질 취급기준,auto_expand,
보호구,유해화학물질 취급기준,유해화학물질 취급기준,auto_expand,
화기,유해화학물질 취급기준,유해화학물질 취급기준,auto_expand,
점화원,유해화학물질 취급기준,유해화학물질 취급기준,auto_expand,
정전기,유해화학물질 취급기준,유해화학물질 취급기준,auto_expand,
온도관리,유해화학물질 취급기준,유해화학물질 취급기준,auto_expand,
습기방지,유해화학물질 취급기준,유해화학물질 취급기준,auto_expand,
접촉방지,유해화학물질 취급기준,유해화학물질 취급기준,auto_expand,
분리보관,유해화학물질 취급기준,유해화학물질 취급기준,auto_expand,
안전거리,안전거리·보호대상,안전거리·보호대상,auto_expand,
이격거리,안전거리·보호대상,안전거리·보호대상,auto_expand,
보호거리,안전거리·보호대상,안전거리·보호대상,auto_expand,
주민과 거리,안전거리·보호대상,안전거리·보호대상,auto_expand,
주택과 거리,안전거리·보호대상,안전거리·보호대상,auto_expand,
학교와 거리,안전거리·보호대상,안전거리·보호대상,auto_expand,
병원과 거리,안전거리·보호대상,안전거리·보호대상,auto_expand,
보호대상,안전거리·보호대상,안전거리·보호대상,auto_expand,
외벽 기준,안전거리·보호대상,안전거리·보호대상,auto_expand,
사업장 경계,안전거리·보호대상,안전거리·보호대상,auto_expand,
신규 설치 거리,안전거리·보호대상,안전거리·보호대상,auto_expand,
주거시설,안전거리·보호대상,안전거리·보호대상,auto_expand,
교육시설,안전거리·보호대상,안전거리·보호대상,auto_expand,
의료시설,안전거리·보호대상,안전거리·보호대상,auto_expand,
유해화학물질관리자,관리자·교육,관리자·교육,auto_expand,
화학물질관리자,관리자·교육,관리자·교육,auto_expand,
관리자 선임,관리자·교육,관리자·교육,auto_expand,
관리자 자격,관리자·교육,관리자·교육,auto_expand,
기술인력,관리자·교육,관리자·교육,auto_expand,
취급담당자,관리자·교육,관리자·교육,auto_expand,
종사자 교육,관리자·교육,관리자·교육,auto_expand,
안전교육,관리자·교육,관리자·교육,auto_expand,
법정교육,관리자·교육,관리자·교육,auto_expand,
교육시간,관리자·교육,관리자·교육,auto_expand,
교육주기,관리자·교육,관리자·교육,auto_expand,
교육 면제,관리자·교육,관리자·교육,auto_expand,
대리자,관리자·교육,관리자·교육,auto_expand,
공동 활용,관리자·교육,관리자·교육,auto_expand,
전문교육,관리자·교육,관리자·교육,auto_expand,
교육 이수,관리자·교육,관리자·교육,auto_expand,
탱크,탱크,시설분류,choose,용도 선택 필요
약품탱크,약품탱크,시설분류,choose,공정용/저장용 선택 필요
보관탱크,보관탱크,시설분류,choose,용기 보관/고정탱크 구분 필요
보관,보관,시설분류,choose,용기 보관/고정탱크 구분 필요
운반,운반,운반분류,choose,용기 적재/탱크로리/용기 자체 구분 필요
배관,배관,배관분류,choose,내부 배관/사외배관 구분 필요
외부배관,외부배관,배관분류,choose,사업장 내부 외부 노출배관/사외배관 구분 필요
변경,변경,변경분류,choose,변경 대상 선택 필요
정검,정기검사 또는 점검,검사·점검,choose,의미 선택 필요
차야염소산나트륨,차아염소산나트륨,물질정보,auto_correct,현장 오타 교정
차야염소산 나트륨,차아염소산나트륨,물질정보,auto_correct,현장 오타 교정
차아염소산 나트륨,차아염소산나트륨,물질정보,auto_correct,띄어쓰기 통일
차아염소산소다,차아염소산나트륨,물질정보,auto_expand,관용명 확장
차염,차아염소산나트륨,물질정보,auto_expand,현장 약어 확장
오르토인산,인산,물질정보,auto_expand,동의어 확장
